Author,Message,Timestamp
tore2,Fist cheep,06/09/2025 14:44:26 +02:00

tore2,Kim K is breaking the internet!,06/09/2025 14:44:29 +02:00

tore2,I LOVE TAYLOR SWIFT!!!,06/09/2025 14:44:48 +02:00

tore2,I LOVE TAYLOR SWIFT!!!,06/09/2025 14:47:56 +02:00

tore2,i love justin bieber!,12/09/2025 11:35:40 +02:00

tore2,hello this is also a cheep,12/09/2025 11:42:58 +02:00

tore2,cheep! chirp!,12/09/2025 11:43:44 +02:00

tore2,cheep,17/09/2025 21:40:59 +02:00

tore2,Testing... Testing...,17/09/2025 21:41:11 +02:00

tore2,Testing... Testing...,17/09/2025 21:41:45 +02:00

tore2,Testing... Testing... HELP ME,17/09/2025 21:42:13 +02:00
